{
  "version": "v4",
  "repo": "borisyankov/DefinitelyTyped",
  "ref": "master",
  "path": "typings",
  "bundle": "typings/tsd.d.ts",
  "installed": {
    "react/react.d.ts": {
      "commit": "d9fea91e842c2cf5bd0f7d861ac378e571d2ad7c"
    },
    "browserify/browserify.d.ts": {
      "commit": "d9fea91e842c2cf5bd0f7d861ac378e571d2ad7c"
    },
    "node/node.d.ts": {
      "commit": "d9fea91e842c2cf5bd0f7d861ac378e571d2ad7c"
    },
    "react-router/react-router.d.ts": {
      "commit": "d9fea91e842c2cf5bd0f7d861ac378e571d2ad7c"
    },
    "react/react-addons.d.ts": {
      "commit": "bb051830df88f5a55dcf06b7fe85bf6b62cc97f2"
    }
  }
}
